{
  "version": 1,
  "author": "Anonymous maker",
  "editor": "wokwi",
  "parts": [
    { "type": "wokwi-breadboard", "id": "bb1", "top": 150.6, "left": -448.4, "attrs": {} },
    { "type": "board-esp32-devkit-c-v4", "id": "esp", "top": 115.2, "left": -148.76, "attrs": {} },
    {
      "type": "wokwi-rgb-led",
      "id": "rgb1",
      "top": 157.6,
      "left": -296.5,
      "attrs": { "common": "cathode" }
    },
    { "type": "wokwi-led", "id": "led1", "top": 188.4, "left": -25, "attrs": { "color": "red" } },
    { "type": "wokwi-potentiometer", "id": "pot1", "top": 171.5, "left": -240.2, "attrs": {} },
    {
      "type": "wokwi-dht22",
      "id": "dht1",
      "top": 86.7,
      "left": -379.8,
      "attrs": { "temperature": "-40", "humidity": "0" }
    },
    { "type": "wokwi-servo", "id": "servo1", "top": -30.8, "left": -153.6, "attrs": {} }
  ],
  "connections": [
    [ "esp:TX", "$serialMonitor:RX", "", [] ],
    [ "esp:RX", "$serialMonitor:TX", "", [] ],
    [ "esp:GND.1", "bb1:bp.21", "black", [ "h0" ] ],
    [ "esp:5V", "bb1:bn.22", "red", [ "h0" ] ],
    [ "bb1:16t.d", "bb1:bp.12", "black", [ "v0" ] ],
    [ "esp:16", "bb1:15t.e", "red", [ "h9.6", "v96", "h-249.6" ] ],
    [ "bb1:17t.e", "esp:17", "green", [ "v124.8", "h240", "v-115.2", "h-19.2" ] ],
    [ "esp:4", "bb1:18t.e", "blue", [ "h28.8", "v105.6", "h-240", "v-134.4" ] ],
    [ "pot1:VCC", "bb1:bn.20", "red", [ "v0" ] ],
    [ "pot1:GND", "bb1:bp.18", "black", [ "v0" ] ],
    [ "esp:33", "bb1:29t.b", "green", [ "h0" ] ],
    [ "pot1:SIG", "bb1:29t.b", "green", [ "v9.6", "h47.6" ] ],
    [ "dht1:VCC", "bb1:bn.5", "red", [ "v0" ] ],
    [ "dht1:GND", "bb1:bp.7", "black", [ "v0" ] ],
    [ "dht1:SDA", "esp:27", "yellow", [ "v57.6", "h192.1", "v-19.2" ] ],
    [ "esp:2", "bb1:45t.e", "green", [ "h0" ] ],
    [ "esp:GND.2", "bb1:tn.34", "black", [ "v0", "h19.2" ] ],
    [ "bb1:tn.35", "bb1:44t.e", "black", [ "v0" ] ],
    [ "rgb1:R", "bb1:15t.a", "", [ "$bb" ] ],
    [ "rgb1:COM", "bb1:16t.b", "", [ "$bb" ] ],
    [ "rgb1:G", "bb1:17t.a", "", [ "$bb" ] ],
    [ "rgb1:B", "bb1:18t.a", "", [ "$bb" ] ],
    [ "led1:A", "bb1:45t.d", "", [ "$bb" ] ],
    [ "led1:C", "bb1:44t.d", "", [ "$bb" ] ],
    [ "pot1:GND", "bb1:23t.e", "", [ "$bb" ] ],
    [ "pot1:SIG", "bb1:24t.e", "", [ "$bb" ] ],
    [ "pot1:VCC", "bb1:25t.e", "", [ "$bb" ] ],
    [ "dht1:VCC", "bb1:7t.a", "", [ "$bb" ] ],
    [ "dht1:SDA", "bb1:8t.a", "", [ "$bb" ] ],
    [ "dht1:NC", "bb1:9t.a", "", [ "$bb" ] ],
    [ "dht1:GND", "bb1:10t.a", "", [ "$bb" ] ],
    [ "esp:0", "bb1:40b.f", "", [ "$bb" ] ],
    [ "esp:2", "bb1:40b.g", "", [ "$bb" ] ],
    [ "esp:5", "bb1:40t.d", "", [ "$bb" ] ],
    [ "esp:13", "bb1:30b.g", "", [ "$bb" ] ],
    [ "esp:15", "bb1:40b.h", "", [ "$bb" ] ],
    [ "esp:17", "bb1:40t.e", "", [ "$bb" ] ],
    [ "esp:18", "bb1:40t.c", "", [ "$bb" ] ],
    [ "esp:19", "bb1:40t.b", "", [ "$bb" ] ],
    [ "esp:22", "bb1:tp.32", "", [ "$bb" ] ],
    [ "esp:25", "bb1:30t.c", "", [ "$bb" ] ],
    [ "esp:26", "bb1:30t.d", "", [ "$bb" ] ],
    [ "esp:27", "bb1:30t.e", "", [ "$bb" ] ],
    [ "esp:32", "bb1:30t.a", "", [ "$bb" ] ],
    [ "esp:33", "bb1:30t.b", "", [ "$bb" ] ],
    [ "esp:VP", "bb1:tp.24", "", [ "$bb" ] ],
    [ "esp:VN", "bb1:tn.24", "", [ "$bb" ] ],
    [ "esp:GND.1", "bb1:30b.f", "", [ "$bb" ] ],
    [ "esp:D2", "bb1:30b.h", "", [ "$bb" ] ],
    [ "esp:D3", "bb1:30b.i", "", [ "$bb" ] ],
    [ "esp:CMD", "bb1:30b.j", "", [ "$bb" ] ],
    [ "esp:TX", "bb1:tn.32", "", [ "$bb" ] ],
    [ "esp:GND.3", "bb1:40t.a", "", [ "$bb" ] ],
    [ "esp:D1", "bb1:40b.i", "", [ "$bb" ] ],
    [ "esp:D0", "bb1:40b.j", "", [ "$bb" ] ],
    [ "servo1:GND", "bb1:bp.1", "black", [ "h0" ] ],
    [ "servo1:V+", "bb1:bn.2", "red", [ "h0" ] ],
    [ "esp:34", "servo1:PWM", "green", [ "h-9.45", "v-105.6", "h-134.4", "v-28.8" ] ]
  ],
  "dependencies": {}
}